{
  "project_info": {
    "project_number": "1061826338904",
    "project_id": "textdetection-1883e",
    "storage_bucket": "textdetection-1883e.appspot.com"
  },
  "client": [
    {
      "client_info": {
        "mobilesdk_app_id": "1:1061826338904:android:9574e822a79ae188f82a2d",
        "android_client_info": {
          "package_name": "com.example.vinvin"
        }
      },
      "oauth_client": [],
      "api_key": [
        {
          "current_key": "AIzaSyD8wI8YV6gc9kgDd-YHwselUiEqVLkLXPA"
        }
      ],
      "services": {
        "appinvite_service": {
          "other_platform_oauth_client": []
        }
      }
    }
  ],
  "configuration_version": "1"
}